so2Grade,coFlag,khaiValue,so2Value,coValue,pm25Flag,pm10Flag,o3Grade,pm10Value,khaiGrade,pm25Value,sidoName,no2Flag,no2Grade,o3Flag,pm25Grade,so2Flag,dataTime,coGrade,no2Value,stationName,pm10Grade,o3Value
1,,71,0.005,0.6,,,1,36,2,11,대구,,2,,1,,2024-01-08 18:00,1,0.043,평리동,1,0.006
1,,47,0.002,0.5,,,1,13,1,10,대구,,1,,1,,2024-01-08 18:00,1,0.028,대명동,1,0.017
1,,35,0.003,0.5,,,1,12,1,8,대구,,1,,1,,2024-01-08 18:00,1,0.021,신암동,1,0.021
,,,,,,,,,,,대구,,,,,,,,,태전동,,
1,,33,0.002,0.4,,,1,11,1,7,대구,,1,,1,,2024-01-08 18:00,1,0.020,산격동,1,0.018
,,,,,,,,,,,대구,,,,,,,,,서변동,,
,,,,,,,,,,,대구,,,,,,,,,연호동,,
1,,43,0.002,0.5,,,1,20,1,12,대구,,1,,1,,2024-01-08 18:00,1,0.026,만촌동,1,0.019
1,,47,0.001,0.2,,,1,24,1,13,대구,,1,,1,,2024-01-08 18:00,1,0.028,호림동,1,0.017
1,,-,0.000,0.3,,,1,19,,7,대구,,1,,,,2024-01-08 18:00,1,0.015,유가읍,1,0.025
1,,45,0.002,0.4,,,1,22,1,12,대구,,1,,1,,2024-01-08 18:00,1,0.016,이곡동,1,0.023
1,,-,0.002,0.3,,,1,23,,9,대구,,2,,,,2024-01-08 18:00,1,0.041,시지동,,0.007
1,,58,0.004,0.4,,,1,16,2,11,대구,,2,,1,,2024-01-08 18:00,1,0.035,진천동,1,0.012
1,,56,0.001,0.6,,,2,16,2,4,경북,,1,,1,,2024-01-08 18:00,1,0.005,울릉읍,1,0.037
1,,51,0.002,0.7,,,2,14,2,8,경북,,1,,1,,2024-01-08 18:00,1,0.010,대가야읍,1,0.031
1,,40,0.001,0.3,,,1,23,1,6,대구,,1,,1,,2024-01-08 18:00,1,0.008,군위읍,1,0.024
1,,48,0.002,0.2,,,1,13,1,7,경북,,1,,1,,2024-01-08 18:00,1,0.006,영양군,1,0.029
1,,35,0.003,0.3,,,1,10,1,7,경북,,1,,1,,2024-01-08 18:00,1,0.018,예천군,1,0.021
1,,-,0.003,0.3,,,1,6,,5,경북,,1,,,,2024-01-08 18:00,1,0.009,화양읍,1,0.027
1,,60,0.011,1.2,,,1,40,2,20,경북,,1,,2,,2024-01-08 18:00,1,0.030,포항항,2,0.013
1,,47,0.003,0.5,,,1,28,1,16,대전,,1,,1,,2024-01-08 18:00,1,0.025,읍내동,1,0.009
1,,37,0.003,0.2,,,1,17,1,7,대전,,1,,1,,2024-01-08 18:00,1,0.015,문평동,1,0.022
1,,48,0.003,0.5,,,1,13,1,9,대전,,1,,1,,2024-01-08 18:00,1,0.016,문창동,1,0.029
1,,47,0.003,0.2,,,1,21,1,9,대전,,1,,1,,2024-01-08 18:00,1,0.012,구성동,1,0.028
1,,48,0.003,0.3,,,1,23,1,10,대전,,1,,1,,2024-01-08 18:00,1,0.029,노은동,1,0.013
1,,47,0.003,0.2,,,1,13,1,7,대전,,1,,1,,2024-01-08 18:00,1,0.016,상대동(대전),1,0.028
1,,-,0.003,0.4,,,1,15,,13,대전,,1,,,,2024-01-08 18:00,1,0.022,관평동,,0.022
1,,54,0.003,0.3,,,1,31,2,21,대전,,1,,2,,2024-01-08 18:00,1,0.029,대흥동1,2,0.016
1,,50,0.004,0.4,,,1,21,1,18,대전,,1,,1,,2024-01-08 18:00,1,0.030,성남동1,1,0.013
1,,45,0.003,0.3,,,1,15,1,10,대전,,1,,1,,2024-01-08 18:00,1,0.027,대성동,1,0.019
1,,52,0.003,0.4,,,2,16,2,13,대전,,1,,1,,2024-01-08 18:00,1,0.012,정림동,1,0.032
1,,55,0.004,0.5,,,1,48,2,10,대전,,1,,1,,2024-01-08 18:00,1,0.022,둔산동,2,0.023
1,,40,0.003,0.2,,,1,25,1,7,대전,,1,,1,,2024-01-08 18:00,1,0.018,월평동,1,0.024
1,,-,0.002,0.8,통신장애,통신장애,1,-,,-,충북,,1,,,,2024-01-08 18:00,1,0.030,봉명동,,0.017
1,,-,0.002,0.5,,,1,30,,18,충북,,1,,,,2024-01-08 18:00,1,0.024,사천동,,0.014
1,,52,0.003,0.6,,,1,28,2,14,충북,,1,,1,,2024-01-08 18:00,1,0.023,용담동,2,0.018
1,,59,0.003,0.5,,,1,39,2,17,충북,,1,,2,,2024-01-08 18:00,1,0.023,용암동,2,0.018
1,,52,0.003,0.5,,,1,31,2,13,충북,,2,,1,,2024-01-08 18:00,1,0.031,복대동,2,0.012
1,,51,0.006,0.7,,,1,29,2,19,충남,,1,,2,,2024-01-08 18:00,1,0.030,성황동,1,0.016
1,,45,0.005,0.6,,,1,34,1,14,충남,,1,,1,,2024-01-08 18:00,1,0.027,백석동,1,0.019
1,,70,0.003,0.7,,,1,61,2,16,충남,,2,,1,,2024-01-08 18:00,1,0.042,성성동,2,0.005
1,,56,0.005,0.6,,,1,46,2,20,충남,,1,,2,,2024-01-08 18:00,1,0.027,성거읍,2,0.015
1,,45,0.005,0.5,,,1,37,1,19,충남,,1,,1,,2024-01-08 18:00,1,0.027,신방동,1,0.017
1,,51,0.002,0.5,,,1,19,2,10,대구,,2,,1,,2024-01-08 18:00,1,0.031,다사읍,1,0.012
1,,58,0.003,0.6,,,1,25,2,13,대구,,2,,1,,2024-01-08 18:00,1,0.035,본동,1,0.010
1,,47,0.002,0.4,,,1,17,1,7,대구,,1,,1,,2024-01-08 18:00,1,0.028,내당동,1,0.016
1,,-,0.002,0.3,,,1,14,,8,대구,,2,,1,,2024-01-08 18:00,1,0.031,침산동,,0.012
1,,32,0.001,0.1,,,1,13,1,11,대구,,1,,1,,2024-01-08 18:00,1,0.014,화원읍,1,0.019
1,,-,0.002,0.3,통신장애,통신장애,1,-,,-,대구,,1,,,,2024-01-08 18:00,1,0.016,충혼탑,,0.015
1,,59,0.003,0.6,,,1,15,2,10,경북,,2,,1,,2024-01-08 18:00,1,0.036,우현동,1,0.009
1,,-,0.003,0.4,,,1,22,,10,경북,,1,,,,2024-01-08 18:00,1,0.023,장흥동,1,0.017
1,,45,0.002,0.4,,,1,20,1,9,경북,,1,,1,,2024-01-08 18:00,1,0.027,장량동,1,0.017
1,,43,0.002,0.9,,,1,29,1,13,경북,,1,,1,,2024-01-08 18:00,1,0.026,대도동,1,0.017
1,,-,0.002,0.7,,통신장애,1,-,,9,경북,,1,,1,,2024-01-08 18:00,1,0.026,대송면,,0.013
,통신장애,-,-,-,통신장애,통신장애,,-,,-,경북,통신장애,,통신장애,1,통신장애,2024-01-08 18:00,,-,3공단,1,-
1,,51,0.002,0.9,,,1,22,2,17,경북,,1,,2,,2024-01-08 18:00,1,0.023,송도동,1,0.018
1,,78,0.004,0.6,,,1,29,2,15,경북,,2,,1,,2024-01-08 18:00,1,0.047,오천읍,1,0.014
1,,43,0.004,0.6,,,1,23,1,12,경북,,1,,1,,2024-01-08 18:00,1,0.025,청림동,1,0.018
1,,40,0.002,0.6,,,1,23,1,11,경북,,1,,1,,2024-01-08 18:00,1,0.018,연일읍,1,0.020
1,,38,0.003,0.5,,,1,17,1,9,경북,,1,,1,,2024-01-08 18:00,1,0.023,제철동,1,0.015
1,,54,0.004,0.3,,,1,7,2,4,경북,,2,,1,,2024-01-08 18:00,1,0.033,성건동,1,0.012
1,,47,0.003,0.3,,,1,7,1,5,경북,,1,,1,,2024-01-08 18:00,1,0.028,보덕동,1,0.010
1,,35,0.004,0.4,,,1,10,1,5,경북,,1,,1,,2024-01-08 18:00,1,0.019,안강읍,1,0.021
1,,-,0.005,0.5,통신장애,,1,6,,-,경북,,2,,,,2024-01-08 18:00,1,0.032,외동읍,1,0.010
1,,33,0.002,0.5,,,1,16,1,12,경북,,1,,1,,2024-01-08 18:00,1,0.018,양덕동,1,0.019
1,,56,0.003,0.2,,,2,27,2,9,경북,,1,,1,,2024-01-08 18:00,1,0.014,평화남산동,1,0.037
1,,45,0.002,0.5,,,1,20,1,10,경북,,1,,1,,2024-01-08 18:00,1,0.019,대광동,1,0.027
1,,43,0.002,0.4,,,1,20,1,5,경북,,1,,1,,2024-01-08 18:00,1,0.021,율곡동,1,0.026
1,,43,0.003,0.5,,,1,21,1,15,경북,,1,,1,,2024-01-08 18:00,1,0.020,명륜동,1,0.018
1,,54,0.003,0.4,,,1,34,2,14,경북,,2,,1,,2024-01-08 18:00,1,0.033,공단동,1,0.009
1,,54,0.003,0.6,,,1,31,2,17,경북,,1,,2,,2024-01-08 18:00,1,0.029,원평동,1,0.011
,통신장애,-,-,-,통신장애,통신장애,,-,,-,경북,통신장애,,통신장애,2,통신장애,2024-01-08 18:00,,-,형곡동,1,-
1,,40,0.002,0.5,,,1,16,1,12,경북,,1,,1,,2024-01-08 18:00,1,0.024,4공단,1,0.017
1,,50,0.002,0.6,,,1,30,1,14,경북,,1,,1,,2024-01-08 18:00,1,0.027,진미동,1,0.010
1,,52,0.002,0.4,,,2,27,2,14,경북,,1,,1,,2024-01-08 18:00,1,0.012,가흥동,1,0.032
1,,51,0.005,0.5,,,1,29,2,12,경북,,1,,2,,2024-01-08 18:00,1,0.018,영주동,1,0.021
1,,33,0.004,0.7,,,1,20,1,11,경북,,1,,1,,2024-01-08 18:00,1,0.014,중방동,1,0.004
1,,47,0.003,0.4,,,1,21,1,12,경북,,1,,1,,2024-01-08 18:00,1,0.017,하양읍,1,0.020
1,,53,0.003,0.3,,,1,13,2,7,경북,,2,,1,,2024-01-08 18:00,1,0.032,진량읍,1,0.010
1,,-,0.003,0.2,통신장애,,2,8,,-,경북,,1,,,,2024-01-08 18:00,1,0.005,상주시,1,0.033
1,,37,0.002,0.3,,,1,23,1,12,경북,,1,,1,,2024-01-08 18:00,1,0.022,칠곡군,1,0.011
1,,-,0.002,0.3,,,1,9,,8,경북,,1,,,,2024-01-08 18:00,1,0.007,영덕읍,1,0.029
1,,53,0.002,0.4,,,2,10,2,7,경북,,1,,1,,2024-01-08 18:00,1,0.006,강구면,1,0.034
1,,50,0.002,0.3,,,1,14,1,12,경북,,1,,1,,2024-01-08 18:00,1,0.007,영해면,1,0.030
1,,-,0.003,0.3,,통신장애,1,-,,9,경북,,1,,1,,2024-01-08 18:00,1,0.018,문경시,,0.019
1,,51,0.002,0.6,,,1,14,2,9,경북,,2,,1,,2024-01-08 18:00,1,0.031,성주군,1,0.011
,,-,-,0.4,통신장애,,2,15,,-,경북,,1,,,통신장애,2024-01-08 18:00,1,0.006,화북면,1,0.031
1,,37,0.003,0.2,통신장애,,1,9,1,-,경북,,1,,1,,2024-01-08 18:00,1,0.019,영천시,1,0.022
1,,37,0.001,0.5,,,1,29,1,8,경북,,1,,1,,2024-01-08 18:00,1,0.014,안계면(교외),1,0.022
1,,38,0.003,0.4,,,1,11,1,6,경북,,1,,1,,2024-01-08 18:00,1,0.017,의성읍,1,0.023
1,,37,0.002,0.4,,,1,14,1,7,경북,,1,,1,,2024-01-08 18:00,1,0.014,안계면,1,0.022
,통신장애,-,-,-,통신장애,통신장애,,-,,-,경북,통신장애,,통신장애,,통신장애,2024-01-08 18:00,,-,울진군,,-
1,,45,0.002,0.4,,,1,11,1,8,경북,,1,,1,,2024-01-08 18:00,1,0.010,석포면,1,0.027
1,,37,0.003,0.7,,,1,10,1,9,경북,,1,,1,,2024-01-08 18:00,1,0.011,봉화군청,1,0.022
1,,-,0.002,0.1,통신장애,,2,15,,-,경북,,1,,,,2024-01-08 18:00,1,0.003,태하리,1,0.037
1,,-,0.003,0.3,,,1,15,,3,경남,,1,,,,2024-01-08 18:00,1,0.019,사파동,,0.022
1,,40,0.003,0.4,,,1,11,1,6,경남,,1,,1,,2024-01-08 18:00,1,0.013,삼진로,1,0.024
1,,55,0.003,0.3,,,2,9,2,7,경남,,1,,1,,2024-01-08 18:00,1,0.010,경화동,1,0.036
1,,45,0.003,0.4,,,1,7,1,5,경남,,1,,1,,2024-01-08 18:00,1,0.016,월영동,1,0.027
1,,58,0.009,1.1,,,2,32,2,16,경남,,2,,2,,2024-01-08 18:00,1,0.035,하동읍,1,0.032
1,,62,0.004,0.5,,,2,12,2,9,경남,,1,,1,,2024-01-08 18:00,1,0.016,금성면,1,0.044
1,,37,0.003,0.4,,,1,27,1,5,경남,,1,,1,,2024-01-08 18:00,1,0.022,동상동,1,0.020
1,,43,0.002,0.3,,,1,21,1,7,경남,,1,,1,,2024-01-08 18:00,1,0.026,삼방동,1,0.016
,통신장애,-,-,-,통신장애,통신장애,,-,,-,경남,통신장애,,통신장애,,통신장애,2024-01-08 18:00,,-,장유동,,-
1,,61,0.003,0.5,,,1,17,2,12,경남,,2,,1,,2024-01-08 18:00,1,0.037,진영읍,1,0.007
1,,56,0.004,0.4,,,1,24,2,7,경남,,2,,1,,2024-01-08 18:00,1,0.034,김해대로,1,0.010
1,,50,0.002,0.3,,,1,10,1,8,경남,,1,,1,,2024-01-08 18:00,1,0.012,진례면,1,0.030
1,,56,0.001,0.3,,,2,16,2,10,경남,,1,,1,,2024-01-08 18:00,1,0.005,저구리,1,0.037
1,,55,0.002,0.3,,,2,10,2,8,경남,,1,,1,,2024-01-08 18:00,1,0.006,아주동,1,0.036
1,,-,0.002,0.5,통신장애,통신장애,2,-,,-,경남,,1,,,,2024-01-08 18:00,1,0.011,고현동,,0.039
1,,-,0.004,0.5,통신장애,통신장애,1,-,,-,경남,,1,,,,2024-01-08 18:00,1,0.017,사천읍,,0.025
1,,53,0.003,0.3,,,2,17,2,8,경남,,1,,1,,2024-01-08 18:00,1,0.010,향촌동,1,0.033
,통신장애,-,-,-,통신장애,통신장애,,-,,-,경남,통신장애,,통신장애,,통신장애,2024-01-08 18:00,,-,대산면,,-
1,,65,0.004,0.4,,,1,22,2,13,경남,,2,,1,,2024-01-08 18:00,1,0.039,북부동,1,0.008
1,,48,0.002,0.4,,,1,23,1,5,경남,,1,,1,,2024-01-08 18:00,1,0.029,삼호동,1,0.019
1,,-,0.003,0.4,,,1,29,,24,경남,,2,,,,2024-01-08 18:00,1,0.042,물금읍,1,0.006
1,,63,0.004,0.4,,,1,25,2,12,울산,,2,,1,,2024-01-08 18:00,1,0.038,화산리,1,0.010
1,,66,0.002,0.5,,,1,10,2,8,울산,,2,,1,,2024-01-08 18:00,1,0.040,상남리,1,0.011
1,,56,0.006,0.4,,,1,21,2,9,울산,,2,,1,,2024-01-08 18:00,1,0.034,농소동,1,0.020
1,,51,0.002,0.4,,,2,22,2,8,울산,,1,,1,,2024-01-08 18:00,1,0.011,삼남읍,1,0.031
1,,43,0.003,0.5,,,1,26,1,12,울산,,1,,1,,2024-01-08 18:00,1,0.026,약사동,1,0.025
1,,38,0.002,0.4,,,1,47,1,3,울산,,1,,1,,2024-01-08 18:00,1,0.023,웅촌면,1,0.019
1,,40,0.003,0.3,,,1,13,1,8,울산,,1,,1,,2024-01-08 18:00,1,0.021,범서읍,1,0.024
1,,56,0.002,0.4,,,1,12,2,7,울산,,2,,1,,2024-01-08 18:00,1,0.034,북부순환도로,1,0.013
,통신장애,-,-,-,통신장애,통신장애,,-,,-,울산,통신장애,,통신장애,1,통신장애,2024-01-08 18:00,,-,송정동 대기환경측정소,1,-
1,,48,0.003,0.3,,,1,13,1,6,울산,,1,,1,,2024-01-08 18:00,1,0.029,전하동,1,0.021
1,,45,0.003,0.3,,,1,16,1,9,경남,,1,,1,,2024-01-08 18:00,1,0.027,내일동,1,0.017
1,,-,0.003,0.4,통신장애,통신장애,2,-,,-,경남,,1,,,,2024-01-08 18:00,1,0.014,무전동,,0.034
1,,53,0.003,0.4,,,2,17,2,6,경남,,1,,1,,2024-01-08 18:00,1,0.016,고성읍,1,0.033
1,,45,0.002,0.3,,,1,14,1,6,경남,,1,,1,,2024-01-08 18:00,1,0.008,거창읍,1,0.027
1,,50,0.002,0.5,,,1,12,1,9,경남,,1,,1,,2024-01-08 18:00,1,0.010,가야읍,1,0.030
1,,48,0.002,0.3,,,1,9,1,5,경남,,1,,1,,2024-01-08 18:00,1,0.005,함양읍,1,0.029
1,,63,0.004,0.6,,,2,20,2,15,경남,,1,,1,,2024-01-08 18:00,1,0.016,남해읍,1,0.045
1,,30,0.003,0.4,,,1,11,1,7,경남,,1,,1,,2024-01-08 18:00,1,0.018,산청읍,1,0.014
1,,45,0.002,0.3,,,1,11,1,6,경남,,1,,1,,2024-01-08 18:00,1,0.012,남상면,1,0.027
1,,37,0.003,0.4,,,1,14,1,10,경남,,1,,1,,2024-01-08 18:00,1,0.022,의령읍,1,0.014
1,,43,0.003,0.4,,,1,15,1,11,경남,,1,,1,,2024-01-08 18:00,1,0.026,창녕읍,1,0.016
1,,43,0.003,0.4,,,1,20,1,15,경남,,1,,1,,2024-01-08 18:00,1,0.022,합천읍,1,0.015
1,,45,0.001,0.2,,,1,22,1,10,경남,,1,,1,,2024-01-08 18:00,1,0.016,마산항,1,0.027
1,,51,0.003,0.5,,,1,32,2,11,울산,,2,,1,,2024-01-08 18:00,1,0.031,울산항,1,0.013
1,,70,0.004,0.4,,,2,21,2,18,경남,,1,,1,,2024-01-08 18:00,1,0.015,하동항,1,0.054
1,,47,0.003,0.4,,,1,20,1,9,광주,,1,,1,,2024-01-08 18:00,1,0.014,서석동,1,0.028
1,,47,0.003,0.5,,,1,18,1,10,광주,,1,,1,,2024-01-08 18:00,1,0.019,농성동,1,0.028
1,,47,0.002,0.6,,,1,32,1,6,광주,,1,,1,,2024-01-08 18:00,1,0.028,치평동,1,0.023
1,,43,0.003,0.3,,,1,17,1,7,광주,,1,,1,,2024-01-08 18:00,1,0.008,노대동,1,0.026
1,,51,0.002,0.3,,,1,21,2,5,광주,,2,,1,,2024-01-08 18:00,1,0.031,유촌동,1,0.018
1,,48,0.003,0.5,,,1,25,1,7,광주,,1,,1,,2024-01-08 18:00,1,0.017,두암동,1,0.029
1,,48,0.002,0.5,,,1,16,1,5,광주,,1,,1,,2024-01-08 18:00,1,0.029,운암동,1,0.019
1,,51,0.003,0.5,,,2,9,2,5,광주,,1,,1,,2024-01-08 18:00,1,0.017,건국동,1,0.031
1,,53,0.003,0.3,,,2,11,2,7,광주,,1,,1,,2024-01-08 18:00,1,0.012,일곡동,1,0.033
1,,42,0.003,0.4,,,1,9,1,3,광주,,1,,1,,2024-01-08 18:00,1,0.025,오선동,1,0.023
1,,37,0.003,0.4,,,1,25,1,7,광주,,1,,1,,2024-01-08 18:00,1,0.021,우산동(광주),1,0.022
1,,-,0.004,0.5,,,1,20,,8,광주,통신장애,,,1,,2024-01-08 18:00,1,-,평동,1,0.027
1,,48,0.003,0.5,,,1,17,1,6,광주,,1,,1,,2024-01-08 18:00,1,0.029,주월동,1,0.015
1,,42,0.003,0.3,,,1,25,1,8,전북,,1,,1,,2024-01-08 18:00,1,0.018,노송동,1,0.025
1,,-,0.002,0.1,통신장애,,,12,,-,전남,,1,통신장애,,,2024-01-08 18:00,1,0.006,용당동,1,-
1,,-,0.002,0.4,,,2,13,,12,전남,,1,,,,2024-01-08 18:00,1,0.009,부흥동,1,0.033
1,,50,0.002,0.4,,,1,12,1,6,전남,,1,,1,,2024-01-08 18:00,1,0.009,서강동,1,0.030
1,,48,0.005,0.5,,,1,17,1,9,전남,,1,,1,,2024-01-08 18:00,1,0.020,월내동,1,0.029
1,,50,0.002,0.4,,,1,14,1,12,전남,,1,,1,,2024-01-08 18:00,1,0.011,문수동,1,0.030
1,,42,0.003,0.4,,,1,8,1,8,전남,,1,,1,,2024-01-08 18:00,1,0.020,여천동(여수),1,0.025
1,,53,0.002,0.7,,,2,3,2,2,전남,,1,,1,,2024-01-08 18:00,1,0.013,덕충동,1,0.034
1,,47,0.004,0.3,,,1,15,1,9,전남,,1,,1,,2024-01-08 18:00,1,0.010,장천동,1,0.028
1,,53,0.002,0.4,,,2,12,2,12,전남,,1,,1,,2024-01-08 18:00,1,0.016,연향동,1,0.033
1,,60,0.002,0.4,,,2,18,2,9,전남,,1,,1,,2024-01-08 18:00,1,0.005,순천만,1,0.042
1,,56,0.003,0.3,,,2,14,2,8,전남,,1,,1,,2024-01-08 18:00,1,0.007,호두리,1,0.037
1,,58,0.004,0.3,,,2,6,2,6,전남,,1,,1,,2024-01-08 18:00,1,0.008,신대,1,0.040
1,,43,0.002,0.1,,,1,20,1,1,전남,,1,,1,,2024-01-08 18:00,1,0.012,빛가람동,1,0.026
1,,45,0.003,0.2,,,1,17,1,5,전남,,1,,1,,2024-01-08 18:00,1,0.009,담양읍,1,0.027
1,,48,0.002,0.2,,,1,11,1,4,전남,,1,,1,,2024-01-08 18:00,1,0.010,장성읍,1,0.029
1,,53,0.001,0.4,,,2,14,2,11,전남,,1,,1,,2024-01-08 18:00,1,0.005,화양면,1,0.033
1,,59,0.002,0.4,,,2,22,2,10,전남,,1,,2,,2024-01-08 18:00,1,0.010,율촌면,2,0.032
1,,51,0.003,0.5,,,2,17,2,11,전남,,1,,1,,2024-01-08 18:00,1,0.017,삼일동,1,0.031
1,,61,0.004,0.3,,,1,33,2,16,전남,,1,,2,,2024-01-08 18:00,1,0.017,중동,2,0.025
1,,52,0.004,0.4,,,1,57,2,15,전남,,1,,1,,2024-01-08 18:00,1,0.020,태인동,2,0.022
1,,52,0.003,0.5,,,2,16,2,13,전남,,1,,1,,2024-01-08 18:00,1,0.013,광양읍,1,0.032
1,,40,0.004,0.4,,,1,20,1,15,전남,,1,,1,,2024-01-08 18:00,1,0.016,봉강면,1,0.024
1,,54,0.007,0.5,,,1,23,2,15,전남,,1,,2,,2024-01-08 18:00,1,0.023,진월면,1,0.030
1,,43,0.005,0.4,,,1,26,1,10,전남,,1,,1,,2024-01-08 18:00,1,0.012,해남읍,1,0.026
1,,60,0.002,0.4,,,1,48,2,18,전남,,1,,2,,2024-01-08 18:00,1,0.009,대불,2,0.030
,통신장애,-,-,-,통신장애,통신장애,,-,,-,전남,통신장애,,통신장애,,통신장애,2024-01-08 18:00,,-,영암읍,,-
1,,37,0.002,0.2,통신장애,,1,8,1,-,전남,,1,,1,,2024-01-08 18:00,1,0.003,송단리,1,0.022
1,,47,0.002,0.2,통신장애,,1,26,1,-,전남,,1,,1,,2024-01-08 18:00,1,0.015,화순읍,1,0.023
1,,55,0.002,0.2,,,2,10,2,4,전남,,1,,1,,2024-01-08 18:00,1,0.005,영광읍,1,0.036
,통신장애,-,-,-,통신장애,통신장애,,-,,-,전남,통신장애,,통신장애,,통신장애,2024-01-08 18:00,,-,안마도,,-
1,,53,0.002,0.3,,,2,7,2,2,전남,,1,,1,,2024-01-08 18:00,1,0.011,장흥읍,1,0.033
1,,55,0.003,0.3,,,2,15,2,2,전남,,1,,1,,2024-01-08 18:00,1,0.005,진도읍,1,0.036
1,,52,0.003,0.2,,,2,30,2,16,전남,,1,,1,,2024-01-08 18:00,1,0.007,신지면,1,0.032
1,,51,0.003,0.5,,,2,19,2,12,전남,,1,,1,,2024-01-08 18:00,1,0.010,함평읍,1,0.031
1,,33,0.003,0.5,,,1,16,1,8,전남,,1,,1,,2024-01-08 18:00,1,0.015,고흥읍,1,0.020
,통신장애,-,-,-,통신장애,통신장애,,-,,-,전남,통신장애,,통신장애,,통신장애,2024-01-08 18:00,,-,신안군,,-
,통신장애,-,-,-,통신장애,통신장애,,-,,-,전남,통신장애,,통신장애,,통신장애,2024-01-08 18:00,,-,홍도,,-
1,,60,0.001,0.3,,,2,17,2,12,전남,,1,,1,,2024-01-08 18:00,1,0.003,가거도,1,0.042
1,,52,0.002,0.3,,,2,19,2,10,전남,,1,,1,,2024-01-08 18:00,1,0.006,무안읍,1,0.032
1,,55,0.004,0.3,,,2,18,2,8,전남,,1,,1,,2024-01-08 18:00,1,0.008,강진읍,1,0.036
1,,42,0.003,0.6,,,1,14,1,6,전남,,1,,1,,2024-01-08 18:00,1,0.008,곡성읍,1,0.025
1,,30,0.002,0.2,,,1,14,1,9,전남,,1,,1,,2024-01-08 18:00,1,0.012,구례읍,1,0.018
1,,42,0.004,0.4,,,1,20,1,4,전남,,1,,1,,2024-01-08 18:00,1,0.014,벌교읍,1,0.025
1,,38,0.003,0.5,,,1,23,1,8,전남,,1,,1,,2024-01-08 18:00,1,0.023,보성읍,1,0.013
,통신장애,-,-,-,통신장애,통신장애,,-,,-,전남,통신장애,,통신장애,,통신장애,2024-01-08 18:00,,-,목포항,,-
1,,69,0.004,0.3,,,1,24,2,14,전남,,2,,2,,2024-01-08 18:00,1,0.035,광양항,2,0.016
1,,61,0.003,0.4,,,2,15,2,10,전남,,1,,2,,2024-01-08 18:00,1,0.011,여수항,1,0.036
1,,56,0.003,0.2,,,1,21,2,13,전남,,1,,2,,2024-01-08 18:00,1,0.023,광양 중마,1,0.023
1,,56,0.003,0.2,,,2,22,2,10,전남,,1,,2,,2024-01-08 18:00,1,0.008,광양 율촌,2,0.032
1,,54,0.001,0.4,,,2,20,2,6,제주,,1,,1,,2024-01-08 18:00,1,0.014,이도동,1,0.035
1,,51,0.001,0.5,,,2,23,2,9,제주,,1,,1,,2024-01-08 18:00,1,0.013,연동,1,0.031
1,,55,0.002,0.3,,,2,20,2,10,제주,,1,,1,,2024-01-08 18:00,1,0.010,조천읍,1,0.036
1,,55,0.001,0.3,,,2,20,2,13,제주,,1,,1,,2024-01-08 18:00,1,0.008,한림읍,1,0.036
1,,50,0.001,0.3,,,1,14,1,6,제주,,1,,1,,2024-01-08 18:00,1,0.011,화북동,1,0.030
1,,55,0.002,0.1,,,2,17,2,7,제주,,1,,1,,2024-01-08 18:00,1,0.008,애월읍,1,0.036
1,,51,0.002,0.4,,,2,17,2,8,제주,,1,,1,,2024-01-08 18:00,1,0.010,동홍동,1,0.031
1,,56,0.001,0.4,,,2,14,2,6,제주,,1,,1,,2024-01-08 18:00,1,0.005,성산읍,1,0.037
1,,43,0.001,0.3,,,1,22,1,11,제주,,1,,1,,2024-01-08 18:00,1,0.011,남원읍,1,0.026
1,,58,0.001,0.2,,,2,17,2,5,제주,,1,,1,,2024-01-08 18:00,1,0.008,강정동,1,0.040
1,,58,0.002,0.4,,,2,15,2,8,제주,,1,,1,,2024-01-08 18:00,1,0.006,대정읍,1,0.040
1,,47,0.001,0.5,,,1,22,1,7,제주,,1,,1,,2024-01-08 18:00,1,0.021,노형로,1,0.028
,통신장애,-,-,-,,,,12,,6,제주,통신장애,,통신장애,1,통신장애,2024-01-08 18:00,,-,고산리,1,-
1,,37,0.002,0.3,,,1,19,1,10,대구,,1,,1,,2024-01-08 18:00,1,0.022,남산1동,1,0.022
1,,45,0.003,0.3,,,1,14,1,8,대구,,1,,1,,2024-01-08 18:00,1,0.027,수창동,1,0.016
1,,65,0.004,0.6,,,1,25,2,15,대구,,2,,1,,2024-01-08 18:00,1,0.039,지산동,1,0.008
1,,47,0.003,0.4,,,1,13,1,8,대구,,1,,1,,2024-01-08 18:00,1,0.028,서호동,1,0.014
1,,50,0.003,0.5,,,1,24,1,17,대구,,1,,1,,2024-01-08 18:00,1,0.030,이현동,1,0.013
1,,58,0.004,0.5,,,1,24,2,15,인천,,2,,2,,2024-01-08 18:00,1,0.035,고잔,1,0.012
1,,54,0.003,0.4,,,1,23,2,15,인천,,2,,2,,2024-01-08 18:00,1,0.033,서창,1,0.010
1,,59,0.003,0.5,,,1,26,2,17,인천,,2,,2,,2024-01-08 18:00,1,0.036,석남,1,0.010
1,,56,0.004,0.5,,,1,26,2,20,인천,,1,,2,,2024-01-08 18:00,1,0.018,송해,1,0.021
1,,43,0.003,0.5,,,1,16,1,10,인천,,1,,1,,2024-01-08 18:00,1,0.026,동춘,1,0.016
1,,43,0.003,0.5,,,1,21,1,12,인천,,1,,1,,2024-01-08 18:00,1,0.023,운서,1,0.015
1,,63,0.003,0.4,,,1,22,2,14,인천,,2,,1,,2024-01-08 18:00,1,0.038,송현,1,0.005
1,,47,0.003,0.4,,,1,24,1,12,인천,,1,,1,,2024-01-08 18:00,1,0.028,논현,1,0.015
1,,54,0.003,0.5,,,1,24,2,14,인천,,2,,1,,2024-01-08 18:00,1,0.033,청라,1,0.015
1,,48,0.004,0.4,,,1,20,1,14,인천,,1,,1,,2024-01-08 18:00,1,0.029,송도,1,0.015
1,,54,0.003,0.4,,,1,21,2,16,인천,,1,,2,,2024-01-08 18:00,1,0.024,아암,1,0.014
1,,56,0.004,0.5,,,1,22,2,17,인천,,2,,2,,2024-01-08 18:00,1,0.033,원당,1,0.010
1,,50,0.004,0.5,,,1,18,1,8,인천,,1,,1,,2024-01-08 18:00,1,0.022,길상,1,0.016
1,,54,0.004,0.5,,,1,24,2,15,인천,,2,,1,,2024-01-08 18:00,1,0.033,삼산,1,0.012
1,,56,0.003,0.3,,,1,21,2,18,인천,,1,,2,,2024-01-08 18:00,1,0.016,경인항,1,0.023
1,,120,0.006,0.4,,,1,30,3,12,인천,,3,,1,,2024-01-08 18:00,1,0.079,인천항,2,0.005
1,,48,0.003,0.4,,,1,26,1,9,인천,,1,,1,,2024-01-08 18:00,1,0.028,인천 신항,1,0.012
1,,45,0.004,0.4,,,1,22,1,7,인천,,1,,1,,2024-01-08 18:00,1,0.001,인천 북항,1,0.005
1,,58,0.003,0.4,,,1,28,2,17,인천,,2,,2,,2024-01-08 18:00,1,0.033,인천 남항,2,0.011
1,,59,0.003,0.5,,,1,25,2,14,경기,,2,,1,,2024-01-08 18:00,1,0.036,소사본동,1,0.005
1,,70,0.003,0.6,,,1,26,2,18,경기,,2,,2,,2024-01-08 18:00,1,0.042,내동,2,0.007
1,,59,0.003,0.6,,,1,23,2,14,경기,,2,,1,,2024-01-08 18:00,1,0.036,중2동,1,0.007
1,,43,0.002,0.4,,,1,17,1,9,경기,,1,,1,,2024-01-08 18:00,1,0.026,오정동,1,0.011
1,,65,0.004,0.6,,,1,37,2,14,경기,,2,,1,,2024-01-08 18:00,1,0.039,송내대로(중동),2,0.006
1,,64,0.002,0.4,,,1,27,2,24,인천,,1,,2,,2024-01-08 18:00,1,0.009,석모리,1,0.027
1,,-,0.002,0.2,통신장애,,2,15,,-,인천,,1,,,,2024-01-08 18:00,1,0.008,덕적도,1,0.032
1,,56,0.002,0.3,,,2,21,2,9,인천,,1,,1,,2024-01-08 18:00,1,0.006,백령도,1,0.037
1,,53,0.003,0.4,,,2,23,2,14,인천,,1,,1,,2024-01-08 18:00,1,0.012,영흥,1,0.034
1,,51,0.001,0.3,,,2,11,2,7,인천,,1,,1,,2024-01-08 17:00,1,0.005,연평도,1,0.031
1,,54,0.001,0.3,,,2,20,2,8,인천,,1,,1,,2024-01-08 18:00,1,0.004,울도,1,0.035
1,,48,0.001,0.2,,,1,16,1,5,충남,,1,,1,,2024-01-08 18:00,1,0.006,사곡면,1,0.029
1,,51,0.003,0.4,,,2,14,2,12,충남,,1,,1,,2024-01-08 18:00,1,0.013,공주,1,0.031
1,,37,0.004,0.4,,,1,17,1,11,충남,,1,,1,,2024-01-08 18:00,1,0.016,탄천면,1,0.021
1,,54,0.004,0.3,,,1,28,2,17,충남,,1,,2,,2024-01-08 18:00,1,0.015,부여읍,1,0.025
1,,-,0.004,0.2,통신장애,,2,9,,-,충남,,1,,,,2024-01-08 18:00,1,0.013,독곶리,1,0.032
1,,50,0.003,0.3,,,1,14,1,13,충남,,1,,1,,2024-01-08 18:00,1,0.010,동문동,1,0.030
1,,50,0.004,0.4,,,1,24,1,15,충남,,1,,1,,2024-01-08 18:00,1,0.030,대산리,1,0.014
1,,47,0.004,0.5,,,1,25,1,15,충남,,1,,1,,2024-01-08 18:00,1,0.019,성연면,1,0.021
1,,48,0.004,0.5,,,1,31,1,13,충남,,1,,1,,2024-01-08 18:00,1,0.018,송산면,1,0.028
1,,45,0.006,0.5,,,1,31,1,12,충남,,1,,1,,2024-01-08 18:00,1,0.027,당진시청사,1,0.015
1,,51,0.005,0.4,,,1,31,2,21,충남,,1,,2,,2024-01-08 18:00,1,0.018,합덕읍,1,0.026
1,,65,0.008,0.6,,,1,39,2,21,충남,,2,,2,,2024-01-08 18:00,1,0.039,복운리,2,0.010
1,,56,0.007,0.6,,,1,44,2,27,충남,,2,,2,,2024-01-08 18:00,1,0.033,모종동,1,0.014
1,,53,0.006,0.7,,,1,41,2,22,충남,,2,,1,,2024-01-08 18:00,1,0.032,배방읍,2,0.015
1,,54,0.006,0.6,,,1,48,2,32,충남,,1,,2,,2024-01-08 18:00,1,0.024,도고면,2,0.021
1,,40,0.004,0.5,,,1,27,1,10,충남,,1,,1,,2024-01-08 18:00,1,0.023,둔포면,1,0.018
1,,64,0.004,0.6,,,1,26,2,19,충남,,1,,2,,2024-01-08 18:00,1,0.028,인주면,2,0.014
1,통신장애,64,0.006,-,,,1,45,2,11,충남,,1,,1,,2024-01-08 18:00,,0.030,장재리,2,0.017
1,,-,0.005,0.6,,,1,67,,39,충남,,1,,,,2024-01-08 18:00,1,0.020,송악면,2,0.022
1,,-,0.003,0.3,,통신장애,1,-,,5,충남,,1,,1,,2024-01-08 18:00,1,0.015,논산,,0.024
1,,43,0.003,0.2,,,1,13,1,12,충남,,1,,1,,2024-01-08 18:00,1,0.011,연무읍,1,0.022
1,,-,0.003,0.2,,,2,22,,11,충남,,1,,,,2024-01-08 18:00,1,0.010,성동면,1,0.032
1,,57,0.001,0.5,,,2,23,2,17,충남,,1,,2,,2024-01-08 18:00,1,0.003,파도리,1,0.038
,통신장애,-,-,-,통신장애,통신장애,,-,,-,충남,통신장애,,통신장애,,통신장애,2024-01-08 18:00,,-,이원면,,-
1,,48,0.003,0.3,,,1,23,1,8,충남,,1,,1,,2024-01-08 18:00,1,0.013,태안읍,1,0.029
,통신장애,40,-,-,,통신장애,,-,1,12,충남,통신장애,,통신장애,1,통신장애,2024-01-08 18:00,,-,격렬비열도,,-
1,,-,0.002,0.2,,,2,14,,5,충남,,1,,,,2024-01-08 18:00,1,0.009,원북면,,0.031
1,,43,0.004,0.6,,,1,26,1,15,충남,,1,,1,,2024-01-08 18:00,1,0.021,예산군,1,0.018
1,,40,0.007,0.7,,,1,29,1,17,충남,,1,,1,,2024-01-08 18:00,1,0.020,삽교읍,1,0.019
1,,48,0.004,0.5,,,1,42,1,23,충남,,1,,1,,2024-01-08 18:00,1,0.020,고덕면(충남),1,0.024
1,,43,0.004,0.3,,,1,9,1,7,충남,,1,,1,,2024-01-08 18:00,1,0.014,대천2동,1,0.026
1,,43,0.003,0.3,,,1,22,1,12,충남,,1,,1,,2024-01-08 18:00,1,0.018,주교면,1,0.026
1,,37,0.002,0.3,,,1,19,1,12,충남,,1,,1,,2024-01-08 18:00,1,0.005,외연도,1,0.019
1,,38,0.003,0.3,,,1,16,1,6,충남,,1,,1,,2024-01-08 18:00,1,0.017,홍성읍,1,0.023
1,,47,0.003,0.5,,,1,33,1,23,충남,,1,,1,,2024-01-08 18:00,1,0.014,내포,1,0.024
1,,47,0.003,0.3,,,1,15,1,9,충남,,1,,1,,2024-01-08 18:00,1,0.018,금산읍,1,0.028
1,,47,0.003,0.3,,,1,13,1,9,충남,,1,,1,,2024-01-08 18:00,1,0.008,청양읍,1,0.028
1,,51,0.003,0.5,,,2,25,2,14,충남,,1,,1,,2024-01-08 18:00,1,0.009,정산면,1,0.031
1,,-,0.003,0.5,통신장애,,2,11,,-,충남,,1,,,,2024-01-08 18:00,1,0.012,엄사면,1,0.033
1,,66,0.005,0.4,,,1,29,2,29,충남,,1,,2,,2024-01-08 18:00,1,0.020,평택당진항,1,0.030
1,,72,0.006,0.4,,,1,36,2,27,충남,,1,,2,,2024-01-08 18:00,1,0.023,대산항,1,0.029
1,,64,0.002,0.3,,,2,23,2,20,충남,,1,,2,,2024-01-08 18:00,1,0.012,장항항,1,0.032
1,,56,0.004,0.5,,,1,29,2,20,충남,,1,,2,,2024-01-08 18:00,1,0.017,평택당진항(당진항),1,0.028
1,,87,0.001,0.4,,,2,47,2,27,충남,,1,,2,,2024-01-08 18:00,1,0.004,태안항,2,0.035
1,,57,0.002,0.2,,,2,32,2,17,충남,,1,,2,,2024-01-08 18:00,1,0.007,보령항,2,0.038
1,,-,0.004,0.4,통신장애,,1,25,,-,세종,,1,,,,2024-01-08 18:00,1,0.021,신흥동,1,0.022
,통신장애,-,-,-,통신장애,통신장애,,-,,-,세종,통신장애,,통신장애,,통신장애,2024-01-08 18:00,,-,아름동,,-
1,,53,0.003,0.3,,,2,17,2,15,세종,,1,,1,,2024-01-08 18:00,1,0.014,한솔동,1,0.034
1,,43,0.003,0.4,,,1,23,1,12,세종,,1,,1,,2024-01-08 18:00,1,0.022,부강면,1,0.020
1,,53,0.003,0.6,,,2,27,2,19,세종,,1,,2,,2024-01-08 18:00,1,0.020,보람동,1,0.034
1,,42,0.003,0.5,,,1,24,1,18,세종,,1,,1,,2024-01-08 18:00,1,0.014,전의면,1,0.025
1,,47,0.004,0.6,,,1,24,1,14,강원,,1,,1,,2024-01-08 18:00,1,0.024,중앙동(강원),1,0.015
1,,50,0.004,0.4,,,1,26,1,10,강원,,1,,1,,2024-01-08 18:00,1,0.023,반곡동(명륜동),1,0.016
1,,47,0.004,0.4,,,1,30,1,16,강원,,1,,1,,2024-01-08 18:00,1,0.025,문막읍,1,0.013
1,,50,0.002,0.4,,,1,25,1,15,강원,,1,,1,,2024-01-08 18:00,1,0.024,지정면,1,0.016
1,,30,0.003,0.4,,,1,26,1,8,강원,,1,,1,,2024-01-08 18:00,1,0.018,주문진읍,1,0.018
1,,48,0.002,0.4,,,1,8,1,5,강원,,1,,1,,2024-01-08 18:00,1,0.013,옥천동,1,0.029
1,,61,0.003,0.5,,,1,24,2,6,강원,,2,,1,,2024-01-08 18:00,1,0.037,천곡동,1,0.005
1,,47,0.002,0.4,,,1,29,1,4,강원,,1,,1,,2024-01-08 18:00,1,0.028,남양동1,1,0.009
1,,48,0.002,0.4,,,1,39,1,15,강원,,1,,1,,2024-01-08 18:00,1,0.015,평창읍,1,0.021
1,,43,0.002,0.5,,,1,29,1,18,강원,,1,,1,,2024-01-08 18:00,1,0.014,북평면,1,0.019
1,,33,0.002,0.3,,,1,24,1,7,강원,,1,,1,,2024-01-08 18:00,1,0.017,정선읍,1,0.020
1,,56,0.002,0.1,,,2,11,2,3,강원,,1,,1,,2024-01-08 18:00,1,0.004,간성읍,1,0.037
1,,43,0.003,0.3,,,1,26,1,9,강원,,1,,1,,2024-01-08 18:00,1,0.013,치악산,1,0.026
1,,37,0.003,0.4,,,1,20,1,10,강원,,1,,1,,2024-01-08 18:00,1,0.017,횡성읍,1,0.022
1,,48,0.003,0.3,,,1,15,1,4,강원,,1,,1,,2024-01-08 18:00,1,0.008,상리,1,0.029
1,,54,0.003,0.5,,,2,8,2,1,강원,,1,,1,,2024-01-08 18:00,1,0.005,양양읍,1,0.035
1,,30,0.004,0.3,,,1,13,1,4,강원,,1,,1,,2024-01-08 18:00,1,0.017,금호동,1,0.018
1,,42,0.003,0.3,,,1,30,1,12,강원,,1,,1,,2024-01-08 18:00,1,0.016,갈말읍,1,0.023
1,,45,0.003,0.3,,,1,34,1,9,강원,,1,,1,,2024-01-08 18:00,1,0.018,홍천읍,1,0.017
1,,40,0.001,0.3,,,1,24,1,14,강원,,1,,1,,2024-01-08 18:00,1,0.013,영월읍,1,0.023
1,,53,0.003,0.4,,,1,29,2,3,강원,,1,,2,,2024-01-08 18:00,1,0.012,화천읍,2,0.025
1,,47,0.003,0.5,,,1,9,1,5,강원,,1,,1,,2024-01-08 18:00,1,0.012,황지동,1,0.028
1,,53,0.002,0.2,,,2,16,2,7,강원,,1,,1,,2024-01-08 18:00,1,0.005,인제읍,1,0.034
1,,47,0.003,0.3,,,1,28,1,16,강원,,1,,1,,2024-01-08 18:00,1,0.018,우천면,1,0.023
1,,38,0.002,0.4,,,1,31,1,10,충북,,1,,1,,2024-01-08 18:00,1,0.020,호암동,1,0.020
1,,38,0.002,0.4,,,1,23,1,8,충북,,1,,1,,2024-01-08 18:00,1,0.023,칠금동,1,0.018
1,,33,0.002,0.4,,,1,22,1,14,충북,,1,,1,,2024-01-08 18:00,1,0.019,중앙탑면,1,0.020
1,,35,0.002,0.6,,,1,21,1,9,충북,,1,,1,,2024-01-08 18:00,1,0.021,살미면,1,0.011
1,,-,0.002,0.5,,,1,26,,7,충북,,1,,,,2024-01-08 18:00,1,0.017,장락동,,0.022
1,,40,0.002,0.4,,,1,21,1,15,충북,,1,,1,,2024-01-08 18:00,1,0.018,영천동,1,0.021
1,,40,0.001,0.4,,,1,21,1,9,충북,,1,,1,,2024-01-08 18:00,1,0.012,청풍면,1,0.024
1,,50,0.002,0.5,,,1,29,1,18,충북,,1,,1,,2024-01-08 18:00,1,0.027,오창읍,1,0.012
1,,45,0.002,0.5,,,1,26,1,12,충북,,1,,1,,2024-01-08 18:00,1,0.027,산남동,1,0.015
1,,47,0.001,0.6,,,1,34,1,12,충북,,1,,1,,2024-01-08 18:00,1,0.019,오송읍,1,0.023
1,,38,0.002,0.4,,,1,16,1,5,충북,,1,,1,,2024-01-08 18:00,1,0.018,가덕면,1,0.017
1,,60,0.003,0.4,,,1,24,2,17,충북,,1,,2,,2024-01-08 18:00,1,0.014,매포읍,2,0.022
1,,48,0.003,0.4,,,1,18,1,7,충북,,1,,1,,2024-01-08 18:00,1,0.007,단성면,1,0.029
1,,53,0.002,0.3,,,1,12,2,2,충북,,1,,1,,2024-01-08 18:00,1,0.011,단양읍,2,0.026
1,,52,0.002,0.3,,,2,35,2,18,충북,,1,,1,,2024-01-08 18:00,1,0.012,청천면,1,0.032
1,,50,0.003,0.4,,,1,21,1,15,충북,,1,,1,,2024-01-08 18:00,1,0.018,괴산읍,1,0.020
1,,-,0.003,0.4,,,1,23,,11,충북,,1,,,,2024-01-08 18:00,1,0.019,감물면,1,0.017
1,,37,0.003,0.5,,,1,18,1,7,충북,,1,,1,,2024-01-08 18:00,1,0.022,진천읍,1,0.021
1,,-,0.003,0.3,,,1,28,,12,충북,,1,,,,2024-01-08 18:00,1,0.023,덕산읍,1,0.017
1,,64,0.001,0.6,,,1,46,2,19,충북,,1,,2,,2024-01-08 18:00,1,0.018,금왕,2,0.024
1,,35,0.003,0.3,,,1,25,1,12,충북,,1,,1,,2024-01-08 18:00,1,0.015,음성읍,1,0.021
1,,38,0.002,0.3,,,1,21,1,13,충북,,1,,1,,2024-01-08 18:00,1,0.019,소이면,1,0.023
1,,35,0.002,0.5,,,1,16,1,12,충북,,1,,1,,2024-01-08 18:00,1,0.021,영동읍,1,0.019
1,,-,0.002,0.3,,,1,13,,6,충북,,1,,,,2024-01-08 18:00,1,0.013,황간면,1,0.025
1,,51,0.002,0.5,,,1,21,2,16,충북,,1,,2,,2024-01-08 18:00,1,0.019,도안면,1,0.023
1,,-,0.002,0.4,,통신장애,1,-,,15,충북,,1,,2,,2024-01-08 18:00,1,0.018,증평읍,,0.017
1,,45,0.003,0.4,,,1,19,1,9,충북,,1,,1,,2024-01-08 18:00,1,0.016,보은읍,1,0.027
1,,35,0.002,0.4,,,1,17,1,10,충북,,1,,1,,2024-01-08 18:00,1,0.021,옥천읍,1,0.019
1,,43,0.003,0.4,,,1,22,1,15,전북,,1,,1,,2024-01-08 18:00,1,0.014,삼천동,1,0.026
1,,47,0.005,0.7,,,1,40,1,9,전북,,1,,1,,2024-01-08 18:00,1,0.022,팔복동,1,0.023
1,,38,0.002,0.4,,,1,21,1,4,전북,,1,,1,,2024-01-08 18:00,1,0.023,송천동,1,0.020
1,,47,0.003,0.6,,,,34,1,6,전북,,1,통신장애,1,,2024-01-08 18:00,1,0.026,서신동,1,-
1,,35,0.003,0.6,,,1,25,1,7,전북,,1,,1,,2024-01-08 18:00,1,0.010,혁신동,1,0.018
1,,42,0.004,0.4,,,1,27,1,6,전북,,1,,1,,2024-01-08 18:00,1,0.021,여의동,1,0.025
1,,58,0.003,0.3,,,2,22,2,3,전북,,1,,1,,2024-01-08 18:00,1,0.011,효자동,1,0.039
,통신장애,-,-,-,통신장애,통신장애,,-,,-,전북,통신장애,,통신장애,1,통신장애,2024-01-08 18:00,,-,신풍동(군산),1,-
1,,-,0.003,0.3,통신장애,통신장애,2,-,,-,전북,,1,,,,2024-01-08 18:00,1,0.007,소룡동,,0.034
1,,51,0.003,0.2,,,2,17,2,13,전북,,1,,1,,2024-01-08 18:00,1,0.014,사정동,1,0.031
1,,50,0.003,0.3,,,1,25,1,10,전북,,1,,1,,2024-01-08 18:00,1,0.021,옥산면,1,0.022
1,,53,0.002,0.3,,,2,25,2,14,전북,,1,,1,,2024-01-08 18:00,1,0.007,비응도동,1,0.033
,통신장애,43,-,-,,,,20,1,13,전북,통신장애,,통신장애,1,통신장애,2024-01-08 18:00,,-,말도,1,-
1,,51,0.002,0.3,,,2,20,2,7,전북,,1,,1,,2024-01-08 18:00,1,0.014,소룡동2,1,0.031
1,,53,0.003,0.4,,,2,29,2,13,전북,,1,,1,,2024-01-08 18:00,1,0.014,삼기면,1,0.033
1,,35,0.003,0.6,,,1,30,1,12,전북,,1,,1,,2024-01-08 18:00,1,0.020,팔봉동,1,0.021
1,,40,0.003,0.3,,,1,27,1,16,전북,,1,,1,,2024-01-08 18:00,1,0.019,모현동,1,0.021
1,,53,0.001,0.4,,,2,23,2,8,전북,,1,,1,,2024-01-08 18:00,1,0.008,용동면,1,0.033
1,,50,0.002,0.3,,,1,26,1,13,전북,,1,,1,,2024-01-08 18:00,1,0.012,함열읍,1,0.030
1,,43,0.003,0.4,,,1,30,1,10,전북,,1,,1,,2024-01-08 18:00,1,0.013,춘포면,1,0.026
1,,40,0.003,0.4,,,1,8,1,6,전북,,1,,1,,2024-01-08 18:00,1,0.014,여산면,1,0.024
1,,45,0.003,0.3,,,1,21,1,14,전북,,1,,1,,2024-01-08 18:00,1,0.010,금마면,1,0.027
1,,43,0.002,0.4,,,1,18,1,10,전북,,1,,1,,2024-01-08 18:00,1,0.017,연지동,1,0.026
1,,58,0.003,0.3,,,2,15,2,12,전북,,1,,1,,2024-01-08 15:00,1,0.004,신태인,1,0.039
1,,51,0.002,0.3,,,2,21,2,13,전북,,1,,1,,2024-01-08 18:00,1,0.007,영파동,1,0.031
1,,43,0.003,0.5,,,1,24,1,9,전북,,1,,1,,2024-01-08 18:00,1,0.026,죽항동,1,0.014
1,,50,0.003,0.3,,,1,17,1,16,전북,,1,,1,,2024-01-08 18:00,1,0.010,운봉읍,1,0.030
1,,40,0.003,0.3,,,1,22,1,7,전북,,1,,1,,2024-01-08 18:00,1,0.005,고창읍,1,0.024
1,,48,0.005,0.4,,,1,18,1,7,전북,,1,,1,,2024-01-08 18:00,1,0.011,심원면,1,0.029
1,,55,0.002,0.3,,,2,18,2,11,전북,,1,,1,,2024-01-08 18:00,1,0.007,부안읍,1,0.036
1,,57,0.002,0.4,,,2,20,2,12,전북,,1,,1,,2024-01-08 18:00,1,0.005,새만금,1,0.038
1,,54,0.002,0.3,,,2,12,2,8,전북,,1,,1,,2024-01-08 18:00,1,0.008,계화면,1,0.035
1,,45,0.002,0.4,,,1,20,1,17,전북,,1,,1,,2024-01-08 18:00,1,0.018,요촌동,1,0.027
1,,52,0.002,0.4,,,2,34,2,14,전북,,1,,1,,2024-01-08 18:00,1,0.011,광활면,1,0.032
1,,47,0.002,0.4,,,1,25,1,12,전북,,1,,1,,2024-01-08 18:00,1,0.014,고산면,1,0.028
1,,38,0.002,0.4,,,1,25,1,14,전북,,1,,1,,2024-01-08 18:00,1,0.020,봉동읍,1,0.023
1,,40,0.001,0.4,,,1,21,1,9,전북,,1,,1,,2024-01-08 18:00,1,0.013,구이면,1,0.024
1,,45,0.002,0.4,,,1,12,1,7,전북,,1,,1,,2024-01-08 18:00,1,0.012,진안읍,1,0.027
1,,51,0.002,0.3,,,2,13,2,9,전북,,1,,1,,2024-01-08 18:00,1,0.007,운암면,1,0.031
1,,45,0.003,0.3,,,1,15,1,8,전북,,1,,1,,2024-01-08 18:00,1,0.013,임실읍,1,0.027
1,,32,0.003,0.3,,,1,21,1,11,전북,,1,,1,,2024-01-08 18:00,1,0.013,관촌면,1,0.019
1,,58,0.002,0.3,,,2,8,2,2,전북,,1,,1,,2024-01-08 18:00,1,0.007,무주읍,1,0.040
1,,33,0.003,0.2,,,1,12,1,7,전북,,1,,1,,2024-01-08 18:00,1,0.013,순창읍,1,0.020
1,,51,0.002,0.4,,,2,18,2,6,전북,,1,,1,,2024-01-08 18:00,1,0.006,장수읍,1,0.031
1,,-,0.003,0.3,,,2,23,,10,충남,,1,,,,2024-01-08 18:00,1,0.015,서천읍,1,0.031
1,,32,0.003,0.6,,,1,11,1,10,충남,,1,,1,,2024-01-08 18:00,1,0.008,서면,1,0.019
1,,38,0.004,0.8,,,1,17,1,8,충남,,1,,1,,2024-01-08 18:00,1,0.011,장항읍,1,0.023
1,,43,0.002,0.2,,,1,25,1,8,경북,,1,,1,,2024-01-08 18:00,1,0.011,청송읍,1,0.026
1,,55,0.002,0.3,,,2,14,2,9,전북,,1,,1,,2024-01-08 18:00,1,0.007,군산항,1,0.036
1,,66,0.004,0.4,,,1,22,2,9,인천,,2,,1,,2024-01-08 18:00,1,0.040,신흥,1,0.007
1,,70,0.004,0.6,,,1,28,2,19,인천,,2,,2,,2024-01-08 18:00,1,0.042,서해,2,0.009
1,,47,0.003,0.4,,,1,14,1,10,인천,,1,,1,,2024-01-08 18:00,1,0.015,영종,1,0.020
,통신장애,-,-,-,통신장애,통신장애,,-,,-,인천,통신장애,,통신장애,,통신장애,2024-01-08 18:00,,-,송림,,-
1,,-,0.004,0.4,,,1,21,,16,인천,,1,,,,2024-01-08 18:00,1,0.029,구월동,,0.013
1,,47,0.003,0.5,,,1,25,1,13,인천,,1,,1,,2024-01-08 18:00,1,0.028,숭의,1,0.011
1,,54,0.003,0.6,,,1,22,2,14,인천,,2,,2,,2024-01-08 18:00,1,0.033,석바위,1,0.009
1,,61,0.004,0.5,,,1,21,2,19,인천,,1,,2,,2024-01-08 18:00,1,0.029,부평역,1,0.007
1,,56,0.004,0.5,,,1,20,2,17,인천,,1,,2,,2024-01-08 18:00,1,0.008,남동,1,0.010
1,,56,0.004,0.4,,,1,20,2,12,인천,,1,,2,,2024-01-08 18:00,1,0.030,주안,2,0.011
1,,53,0.004,0.5,,,1,23,2,15,인천,,2,,1,,2024-01-08 18:00,1,0.032,부평,1,0.010
1,,58,0.003,0.5,,,1,20,2,13,인천,,2,,1,,2024-01-08 18:00,1,0.035,연희,1,0.011
1,,54,0.004,0.5,,,1,25,2,17,인천,,2,,2,,2024-01-08 18:00,1,0.033,검단,1,0.008
1,,66,0.004,0.5,,,1,24,2,15,인천,,2,,1,,2024-01-08 18:00,1,0.040,중봉,1,0.005
1,,58,0.003,0.6,,,1,20,2,16,인천,,2,,1,,2024-01-08 18:00,1,0.035,계산,1,0.009
1,,53,0.005,0.6,,,1,22,2,15,인천,,2,,1,,2024-01-08 18:00,1,0.032,효성,1,0.008
1,,63,0.004,0.5,,,1,22,2,13,인천,,2,,2,,2024-01-08 18:00,1,0.038,임학,1,0.007
1,,53,0.002,0.3,,,2,26,2,5,경기,,1,,1,,2024-01-08 18:00,1,0.006,연천(DMZ),1,0.033
1,,40,0.003,0.3,,,1,15,1,11,강원,,1,,1,,2024-01-08 18:00,1,0.017,중앙로,1,0.023
,,,,,,,,,,,강원,,,,,,,,,석사동,,
1,,43,0.003,0.4,,,1,16,1,7,강원,,1,,1,,2024-01-08 18:00,1,0.014,신사우동,1,0.026
1,,50,0.003,0.4,,,1,23,1,12,강원,,1,,1,,2024-01-08 18:00,1,0.030,온의동,1,0.013
1,,52,0.001,0.3,,,2,21,2,7,강원,,1,,1,,2024-01-08 18:00,1,0.006,방산면,1,0.032
1,,40,0.002,0.4,,,1,12,1,6,강원,,1,,1,,2024-01-08 18:00,1,0.015,양구읍,1,0.024
1,,70,0.003,0.5,,,1,91,2,18,강원,,2,,1,,2024-01-08 18:00,1,0.041,동해항,2,0.004
1,,51,0.009,0.8,,,1,38,2,6,강원,,2,,1,,2024-01-08 18:00,1,0.031,묵호항,1,0.010
1,,50,0.001,0.3,,,1,20,1,11,강원,,1,,1,,2024-01-08 18:00,1,0.009,철원(DMZ),1,0.027
1,,55,0.002,0.1,,,2,20,2,13,강원,,1,,1,,2024-01-08 18:00,1,0.007,화천(DMZ),1,0.036
,통신장애,-,-,-,,,,20,,6,강원,통신장애,,통신장애,1,통신장애,2024-01-08 18:00,,-,인제(DMZ),1,-
1,,-,0.002,0.2,통신장애,,2,12,,-,강원,,1,,,,2024-01-08 18:00,1,0.003,고성(DMZ),,0.037
1,,43,0.002,0.3,,,1,13,1,9,부산,,1,,1,,2024-01-08 18:00,1,0.015,광복동,1,0.026
1,,-,0.002,0.4,,,1,21,,16,부산,,1,,,,2024-01-08 18:00,1,0.021,초량동,,0.020
1,,52,0.003,0.2,,,2,12,2,6,부산,,1,,1,,2024-01-08 18:00,1,0.011,태종대,1,0.032
1,,45,0.002,0.2,통신장애,,1,4,1,-,부산,,1,,1,,2024-01-08 18:00,1,0.017,청학동,1,0.027
1,,40,0.004,0.5,,,1,22,1,9,부산,,1,,1,,2024-01-08 18:00,1,0.019,전포동,1,0.024
1,,70,0.002,0.3,,,1,33,2,17,부산,,2,,1,,2024-01-08 18:00,1,0.042,온천동,1,0.013
,통신장애,42,-,-,,,1,20,1,12,부산,,1,,1,통신장애,2024-01-08 18:00,,0.025,명장동,1,0.016
1,,42,0.002,0.4,,,1,16,1,11,부산,,1,,1,,2024-01-08 18:00,1,0.025,대연동,1,0.017
1,,38,0.003,0.3,,,1,17,1,12,부산,,1,,1,,2024-01-08 18:00,1,0.023,용호동,1,0.020
1,,50,0.002,0.3,,,1,23,1,6,부산,,1,,1,,2024-01-08 18:00,1,0.024,학장동,1,0.018
1,,54,0.003,0.4,,,1,23,2,16,부산,,2,,1,,2024-01-08 18:00,1,0.033,덕천동,1,0.013
,통신장애,48,-,-,,,1,30,1,8,부산,,1,,1,통신장애,2024-01-08 18:00,,0.029,화명동,1,0.016
1,,59,0.003,0.5,,,1,27,2,11,부산,,2,,1,,2024-01-08 18:00,1,0.036,삼락동,1,0.007
1,,42,0.002,0.3,,,1,20,1,15,부산,,1,,1,,2024-01-08 18:00,1,0.025,우동,1,0.018
,통신장애,43,-,-,통신장애,,1,14,1,-,부산,,1,,1,통신장애,2024-01-08 18:00,,0.026,청룡동,1,0.017
1,,-,0.002,0.3,,,1,22,,9,부산,,1,,,,2024-01-08 18:00,1,0.011,좌동,1,0.019
1,,33,0.003,0.3,,,1,21,1,9,부산,,1,,1,,2024-01-08 18:00,1,0.020,재송동,1,0.018
1,,37,0.002,0.3,,,1,18,1,8,부산,,1,,1,,2024-01-08 18:00,1,0.021,장림동,1,0.020
1,,45,0.003,0.3,,,1,24,1,9,부산,,1,,1,,2024-01-08 18:00,1,0.027,대저동,1,0.014
1,,43,0.002,0.2,,,1,13,1,12,부산,,1,,1,,2024-01-08 18:00,1,0.014,녹산동,1,0.023
1,,43,0.002,0.3,,,1,11,1,10,부산,,1,,1,,2024-01-08 18:00,1,0.014,명지동,1,0.026
1,,-,0.003,0.3,,,1,27,,14,부산,,1,,,,2024-01-08 18:00,1,0.020,연산동,1,0.020
1,,22,0.002,0.3,,,1,19,1,13,부산,,1,,1,,2024-01-08 18:00,1,0.012,기장읍,1,0.013
1,,30,0.003,0.3,,,1,16,1,8,부산,,1,,1,,2024-01-08 18:00,1,0.015,용수리,1,0.018
1,,45,0.003,0.4,,,1,12,1,5,부산,,1,,1,,2024-01-08 18:00,1,0.017,수정동,1,0.027
1,,53,0.003,0.4,,,1,26,2,13,부산,,2,,1,,2024-01-08 18:00,1,0.032,부곡동,1,0.009
1,,48,0.002,0.4,,,1,24,1,13,부산,,1,,1,,2024-01-08 18:00,1,0.029,회동동,1,0.013
,통신장애,33,-,-,,,1,17,1,9,부산,,1,,1,통신장애,2024-01-08 18:00,,0.016,광안동,1,0.020
1,,-,0.002,0.4,,,1,16,,11,부산,,1,,,,2024-01-08 18:00,1,0.021,대신동,1,0.023
1,,53,0.004,0.4,,,1,26,2,11,부산,,2,,1,,2024-01-08 18:00,1,0.032,덕포동,1,0.022
1,,56,0.002,0.4,,,1,22,2,14,부산,,2,,1,,2024-01-08 18:00,1,0.034,개금동,1,0.013
1,,37,0.002,0.3,,,1,21,1,9,부산,,1,,1,,2024-01-08 18:00,1,0.022,당리동,1,0.022
1,,50,0.002,0.2,,,1,16,1,7,부산,,1,,1,,2024-01-08 18:00,1,0.012,부산항,1,0.030
1,,33,0.003,0.2,,,1,13,1,8,부산,,1,,1,,2024-01-08 18:00,1,0.018,부산신항,1,0.010
1,,40,0.004,0.2,,,1,21,1,11,부산,,1,,1,,2024-01-08 18:00,1,0.024,부산북항,1,0.013
1,,-,0.003,0.1,,,1,25,,10,부산,,2,,,,2024-01-08 18:00,1,0.037,부산감만,1,0.005
1,,47,0.002,0.5,,,1,19,1,7,경남,,1,,1,,2024-01-08 18:00,1,0.018,회원동,1,0.028
,,47,-,0.4,,,1,14,1,8,경남,,1,,1,통신장애,2024-01-08 18:00,1,0.022,봉암동,1,0.028
1,,-,0.003,0.4,,,1,14,,7,경남,,1,,,,2024-01-08 18:00,1,0.022,내서읍,1,0.020
1,,48,0.003,0.4,,,1,13,1,6,울산,,1,,1,,2024-01-08 18:00,1,0.029,대송동,1,0.018
1,,48,0.006,0.5,,,1,20,1,7,울산,,1,,1,,2024-01-08 18:00,1,0.029,성남동,1,0.016
,통신장애,-,-,-,통신장애,통신장애,,-,,-,울산,통신장애,,통신장애,1,통신장애,2024-01-08 18:00,,-,부곡동(울산),2,-
1,,61,0.007,0.5,,,1,37,2,13,울산,,2,,1,,2024-01-08 18:00,1,0.037,여천동(울산),1,0.013
1,,50,0.002,0.4,,,1,17,1,10,울산,,1,,1,,2024-01-08 18:00,1,0.030,야음동,1,0.019
1,,53,0.006,0.2,,,2,28,2,6,울산,,1,,1,,2024-01-08 16:00,1,0.019,삼산동,1,0.034
1,,33,0.002,0.3,,,1,13,1,9,울산,,1,,1,,2024-01-08 18:00,1,0.015,신정로,1,0.019
1,,56,0.002,0.4,,,1,17,2,16,울산,,2,,1,,2024-01-08 18:00,1,0.034,신정동,1,0.013
1,,53,0.002,0.5,,,1,10,2,3,울산,,2,,1,,2024-01-08 18:00,1,0.032,덕신리,1,0.008
1,,51,0.002,0.4,,,1,15,2,5,울산,,2,,1,,2024-01-08 18:00,1,0.031,무거동,1,0.015
1,,70,0.007,0.7,,,1,29,2,16,울산,,2,,1,,2024-01-08 18:00,1,0.042,효문동,1,0.010
1,,-,0.004,0.4,,,1,11,,8,경남,,1,,,,2024-01-08 18:00,1,0.016,상봉동,1,0.026
1,,42,0.004,0.5,,,1,17,1,6,경남,,1,,1,,2024-01-08 18:00,1,0.025,대안동,1,0.019
1,,43,0.004,0.4,,,1,23,1,12,경남,,1,,1,,2024-01-08 18:00,1,0.021,상대동(진주),1,0.025
1,,47,0.004,0.3,,,1,14,1,4,경남,,1,,1,,2024-01-08 18:00,1,0.018,정촌면,1,0.028
1,,45,0.004,0.3,,,1,14,1,8,경남,,1,,1,,2024-01-08 18:00,1,0.019,명서동,1,0.027
1,,48,0.003,0.3,,,1,13,1,10,경남,,1,,1,,2024-01-08 18:00,1,0.019,웅남동,1,0.029
1,,38,0.003,0.4,,,1,10,1,9,경남,,1,,1,,2024-01-08 18:00,1,0.022,성주동,1,0.023
1,,47,0.003,0.4,,,1,12,1,9,경남,,1,,1,,2024-01-08 18:00,1,0.016,용지동,1,0.028
1,,42,0.003,0.3,,,1,11,1,4,경남,,1,,1,,2024-01-08 18:00,1,0.020,반송로,1,0.025
1,,54,0.003,0.4,,,1,21,2,14,서울,,2,,2,,2024-01-08 18:00,1,0.031,중구,1,0.014
1,,56,0.004,0.5,,,1,20,2,14,서울,,2,,1,,2024-01-08 18:00,1,0.034,한강대로,1,0.005
1,,56,0.003,0.6,,,1,28,2,21,서울,,2,,2,,2024-01-08 18:00,1,0.034,종로구,1,0.010
1,,58,0.003,0.6,,,1,29,2,15,서울,,2,,1,,2024-01-08 18:00,1,0.035,청계천로,1,0.008
1,,50,0.003,0.5,,,1,25,1,13,서울,,1,,1,,2024-01-08 18:00,1,0.030,종로,1,0.012
1,,53,0.003,0.5,,,1,20,2,11,서울,,2,,1,,2024-01-08 18:00,1,0.032,용산구,1,0.010
1,,63,0.002,0.3,,,1,22,2,13,서울,,2,,1,,2024-01-08 18:00,1,0.038,광진구,1,0.014
1,,53,0.002,0.4,,,1,19,2,10,서울,,2,,1,,2024-01-08 18:00,1,0.032,성동구,1,0.011
1,,73,0.003,0.7,,,1,22,2,13,서울,,2,,2,,2024-01-08 18:00,1,0.044,강변북로,2,0.007
1,,68,0.003,0.4,,,1,23,2,16,서울,,2,,1,,2024-01-08 18:00,1,0.041,중랑구,1,0.009
1,,54,0.004,0.4,,,1,25,2,15,서울,,2,,1,,2024-01-08 18:00,1,0.033,동대문구,1,0.014
1,,61,0.004,0.6,,,1,24,2,13,서울,,2,,1,,2024-01-08 18:00,1,0.037,홍릉로,1,0.009
1,,53,0.003,0.6,,,1,27,2,18,서울,,2,,1,,2024-01-08 18:00,1,0.032,성북구,1,0.010
1,,80,0.003,0.5,,,1,31,2,17,서울,,2,,2,,2024-01-08 18:00,1,0.048,정릉로,2,0.005
1,,56,0.002,0.5,,,1,21,2,14,서울,,2,,1,,2024-01-08 18:00,1,0.034,도봉구,1,0.015
1,,48,0.003,0.8,,,1,28,1,15,서울,,1,,1,,2024-01-08 18:00,1,0.029,은평구,1,0.013
1,,51,0.004,0.6,,,1,18,2,15,서울,,2,,1,,2024-01-08 18:00,1,0.031,서대문구,1,0.014
1,,54,0.003,0.4,,,1,13,2,7,서울,,2,,2,,2024-01-08 18:00,1,0.031,마포구,1,0.013
1,,51,0.003,0.7,,,1,21,2,12,서울,,1,,2,,2024-01-08 18:00,1,0.030,신촌로,1,0.009
1,,54,0.003,0.4,,,1,19,2,9,서울,,2,,1,,2024-01-08 18:00,1,0.033,강서구,1,0.013
1,,61,0.003,0.5,,,1,17,2,9,서울,,2,,1,,2024-01-08 18:00,1,0.037,공항대로,1,0.008
1,,48,0.003,0.4,,,1,23,1,10,서울,,1,,1,,2024-01-08 18:00,1,0.024,구로구,1,0.010
1,,-,0.002,0.4,,,1,16,,7,서울,,2,,,,2024-01-08 18:00,1,0.032,영등포구,,0.011
1,,61,0.003,0.6,,,1,16,2,10,서울,,2,,1,,2024-01-08 18:00,1,0.037,영등포로,1,0.008
1,,58,0.003,0.4,,,1,21,2,12,서울,,2,,1,,2024-01-08 18:00,1,0.035,동작구,1,0.011
1,,80,0.003,0.6,,,1,19,2,5,서울,,2,,2,,2024-01-08 18:00,1,0.048,동작대로 중앙차로,2,0.008
1,,54,0.003,0.5,,,1,21,2,11,서울,,2,,1,,2024-01-08 18:00,1,0.033,관악구,1,0.011
1,,51,0.003,0.4,,,1,22,2,14,서울,,1,,2,,2024-01-08 18:00,1,0.029,강남구,1,0.015
1,,-,0.003,0.3,,,1,20,,9,서울,,1,,1,,2024-01-08 18:00,1,0.024,서초구,,0.014
1,,56,0.003,0.5,,,1,18,2,12,서울,,1,,2,,2024-01-08 18:00,1,0.028,도산대로,2,0.012
1,,61,0.004,0.5,,,1,22,2,17,서울,,2,,2,,2024-01-08 18:00,1,0.037,강남대로,2,0.008
1,,63,0.002,0.5,,,1,27,2,11,서울,,2,,2,,2024-01-08 18:00,1,0.038,송파구,1,0.009
1,,65,0.003,0.4,,,1,23,2,12,서울,,2,,1,,2024-01-08 18:00,1,0.039,강동구,1,0.009
1,,63,0.003,0.5,,,1,32,2,14,서울,,2,,1,,2024-01-08 18:00,1,0.038,천호대로,2,0.010
1,,65,0.003,0.5,,,1,23,2,14,서울,,2,,2,,2024-01-08 18:00,1,0.039,금천구,1,0.010
1,,75,0.003,0.5,,,1,21,2,10,서울,,2,,1,,2024-01-08 18:00,1,0.045,시흥대로,1,0.009
1,,58,0.003,0.6,,,1,24,2,16,서울,,2,,1,,2024-01-08 18:00,1,0.035,강북구,1,0.009
1,,61,0.003,0.5,,,1,19,2,10,서울,,2,,2,,2024-01-08 18:00,1,0.037,양천구,1,0.010
1,,64,0.003,0.4,,,1,25,2,15,서울,,2,,2,,2024-01-08 18:00,1,0.035,노원구,2,0.012
1,,66,0.003,0.4,,,1,25,2,13,서울,,2,,1,,2024-01-08 18:00,1,0.040,화랑로,1,0.007
1,,66,0.002,0.6,,,1,34,2,16,경기,,1,,2,,2024-01-08 18:00,1,0.030,신풍동,1,0.010
1,,-,0.002,0.5,,,1,40,,22,경기,,2,,,,2024-01-08 18:00,1,0.032,인계동,1,0.007
1,,58,0.002,0.5,,,1,30,2,23,경기,,2,,2,,2024-01-08 18:00,1,0.035,광교동,1,0.011
1,,59,0.001,0.4,,,1,40,2,26,경기,,2,,2,,2024-01-08 18:00,1,0.032,영통동,1,0.010
1,,-,0.002,0.2,통신장애,통신장애,1,-,,-,경기,,2,,,,2024-01-08 18:00,1,0.035,천천동,,0.013
1,,75,0.002,0.4,,,1,24,2,17,경기,,2,,2,,2024-01-08 18:00,1,0.045,경수대로(동수원),1,0.005
1,,59,0.002,0.4,,,1,26,2,11,경기,,1,,2,,2024-01-08 18:00,1,0.023,고색동,1,0.014
1,,54,0.003,0.3,,,1,24,2,13,경기,,1,,2,,2024-01-08 18:00,1,0.020,호매실,1,0.014
1,,88,0.006,0.9,,,1,48,2,21,경기,,2,,2,,2024-01-08 18:00,1,0.053,대왕판교로(백현동),2,0.001
1,,66,0.002,0.4,,,1,32,2,10,경기,,2,,1,,2024-01-08 18:00,1,0.040,단대동,1,0.005
1,,66,0.002,0.4,,,1,34,2,11,경기,,2,,1,,2024-01-08 18:00,1,0.040,정자동,1,0.008
1,,75,0.002,0.5,,,1,28,2,11,경기,,2,,1,,2024-01-08 18:00,1,0.045,수내동,1,0.004
1,,83,0.004,0.7,,,1,42,2,13,경기,,2,,1,,2024-01-08 18:00,1,0.050,성남대로(모란역),2,0.003
1,,63,0.003,0.5,,,1,31,2,16,경기,,2,,1,,2024-01-08 18:00,1,0.038,복정동,1,0.005
1,,68,0.002,0.4,,,1,38,2,19,경기,,2,,1,,2024-01-08 18:00,1,0.041,운중동,2,0.006
1,,75,0.003,0.5,,,1,34,2,11,경기,,2,,2,,2024-01-08 18:00,1,0.045,상대원동,2,0.004
1,,54,0.003,0.4,,,1,21,2,16,경기,,2,,1,,2024-01-08 18:00,1,0.033,의정부동,1,0.014
1,,51,0.004,0.3,,,1,23,2,12,경기,,2,,1,,2024-01-08 18:00,1,0.031,의정부1동,1,0.012
1,,58,0.002,0.3,,,1,22,2,13,경기,,2,,1,,2024-01-08 18:00,1,0.035,송산3동,1,0.013
1,,50,0.002,0.4,,,1,26,1,17,경기,,1,,1,,2024-01-08 18:00,1,0.028,안양8동,1,0.010
1,,65,0.003,0.5,,,1,31,2,15,경기,,2,,1,,2024-01-08 18:00,1,0.039,부림동,2,0.006
1,,58,0.006,0.5,,,1,34,2,13,경기,,2,,1,,2024-01-08 18:00,1,0.035,호계3동,2,0.008
1,,-,0.003,0.4,,,1,42,,10,경기,,2,,,,2024-01-08 18:00,1,0.033,안양2동,2,0.006
1,,47,0.002,0.4,,,1,18,1,7,경기,,1,,1,,2024-01-08 18:00,1,0.028,철산동,1,0.012
1,,61,0.003,0.5,,,1,31,2,15,경기,,2,,2,,2024-01-08 18:00,1,0.033,소하동,1,0.009
1,,45,0.002,0.4,,,1,17,1,10,경기,,1,,1,,2024-01-08 18:00,1,0.027,고잔동,1,0.014
1,,58,0.004,0.4,,,1,44,2,25,경기,,1,,2,,2024-01-08 18:00,1,0.025,원시동,2,0.016
1,,53,0.002,0.3,,,1,37,2,9,경기,,1,,1,,2024-01-08 18:00,1,0.025,본오동,2,0.010
1,,45,0.002,0.4,,,1,26,1,11,경기,,1,,1,,2024-01-08 18:00,1,0.027,원곡동,1,0.011
1,,54,0.003,0.4,,,1,22,2,11,경기,,2,,1,,2024-01-08 18:00,1,0.033,부곡동1,1,0.008
1,,51,0.004,0.3,통신장애,,2,12,2,-,경기,,1,,1,,2024-01-08 18:00,1,0.015,대부동,1,0.031
1,,50,0.003,0.3,,,1,23,1,11,경기,,1,,1,,2024-01-08 18:00,1,0.030,호수동,1,0.013
1,,48,0.003,0.4,,,,23,1,9,경기,,1,통신장애,1,,2024-01-08 18:00,1,0.029,중앙대로(고잔동),1,-
1,,65,0.002,0.5,,,1,40,2,24,경기,,2,,2,,2024-01-08 18:00,1,0.039,별양동,1,0.005
1,,-,0.002,0.7,,통신장애,1,-,,15,경기,,2,,1,,2024-01-08 18:00,1,0.034,과천동,,0.008
1,,54,0.002,0.4,,,1,22,2,12,경기,,2,,1,,2024-01-08 18:00,1,0.033,교문동,1,0.008
1,,51,0.003,0.4,,,1,24,2,14,경기,,2,,1,,2024-01-08 18:00,1,0.031,동구동,1,0.009
1,,54,0.002,0.5,,,1,26,2,18,경기,,2,,2,,2024-01-08 18:00,1,0.032,부곡3동,1,0.013
1,,76,0.001,0.6,,,1,18,2,18,경기,,2,,1,,2024-01-08 18:00,1,0.046,고천동,1,0.007
1,,48,0.004,0.3,,,1,21,1,11,경기,,1,,1,,2024-01-08 18:00,1,0.029,정왕동,1,0.011
1,,54,0.004,0.6,,,1,31,2,11,경기,,1,,1,,2024-01-08 18:00,1,0.018,시화산단,2,0.013
1,,47,0.004,0.5,,,1,23,1,16,경기,,1,,1,,2024-01-08 18:00,1,0.028,대야동,1,0.008
1,,59,0.004,0.3,,,1,35,2,20,경기,,2,,2,,2024-01-08 18:00,1,0.036,목감동,2,0.006
1,,51,0.004,0.4,,,1,26,2,11,경기,,2,,1,,2024-01-08 18:00,1,0.031,장현동,1,0.008
1,,45,0.004,0.7,,,1,24,1,12,경기,,1,,1,,2024-01-08 18:00,1,0.026,서해안로,1,0.013
1,,-,0.003,0.4,,,1,26,,10,경기,,1,,,,2024-01-08 18:00,1,0.026,배곧동,,0.010
1,,63,0.003,0.4,,,1,28,2,15,경기,,2,,1,,2024-01-08 18:00,1,0.038,금곡동,1,0.008
1,,53,0.003,0.4,,,1,32,2,14,경기,,1,,2,,2024-01-08 18:00,1,0.030,오남읍,2,0.017
1,,70,0.003,0.4,,,1,31,2,16,경기,,2,,1,,2024-01-08 18:00,1,0.042,별내동,2,0.007
1,,-,0.003,0.4,,,1,30,,18,경기,,2,,,,2024-01-08 18:00,1,0.037,화도읍,,0.008
,통신장애,-,-,-,통신장애,통신장애,,-,,-,경기,통신장애,,통신장애,,통신장애,2024-01-08 18:00,,-,경춘로,,-
1,,71,0.003,0.4,,,1,27,2,13,경기,,2,,1,,2024-01-08 18:00,1,0.043,와부읍,1,0.008
1,,48,0.002,0.3,,,1,23,1,7,경기,,1,,1,,2024-01-08 18:00,1,0.027,진접읍,1,0.019
1,,47,0.004,0.2,,,1,29,1,20,경기,,1,,1,,2024-01-08 18:00,1,0.028,비전동,1,0.019
1,,51,0.004,0.3,,,2,21,2,17,경기,,1,,1,,2024-01-08 18:00,1,0.020,안중,1,0.031
1,,54,0.006,0.4,,,1,21,2,17,경기,,2,,1,,2024-01-08 18:00,1,0.033,평택항,2,0.028
1,,42,0.005,0.3,,,1,19,1,8,경기,,1,,1,,2024-01-08 18:00,1,0.022,송북동,1,0.025
1,,50,0.005,0.3,,,1,18,1,14,경기,,1,,1,,2024-01-08 18:00,1,0.021,청북읍,1,0.030
1,,43,0.003,0.2,,,1,11,1,10,경기,,1,,1,,2024-01-08 18:00,1,0.021,고덕동,1,0.024
1,,64,0.002,0.5,,,1,26,2,14,경기,,1,,2,,2024-01-08 18:00,1,0.024,금촌동,2,0.016
1,,-,0.002,0.4,통신장애,통신장애,1,-,,-,경기,,1,,,,2024-01-08 18:00,1,0.019,운정,,0.019
1,,66,0.005,0.2,,,1,32,2,23,경기,,1,,2,,2024-01-08 18:00,1,0.008,파주,1,0.029
1,,47,0.002,0.3,,,1,18,1,12,경기,,1,,1,,2024-01-08 18:00,1,0.016,파주읍,1,0.024
1,,37,0.005,0.3,,,1,18,1,8,경기,,1,,1,,2024-01-08 18:00,1,0.020,행신동,1,0.019
1,,42,0.006,0.3,,,1,17,1,11,경기,,1,,1,,2024-01-08 18:00,1,0.019,식사동,1,0.022
1,,50,0.004,0.2,,,1,22,1,13,경기,,1,,1,,2024-01-08 18:00,1,0.027,백마로(마두역),1,0.014
1,,43,0.005,0.3,,,1,24,1,10,경기,,1,,1,,2024-01-08 18:00,1,0.017,신원동,1,0.024
1,,35,0.004,0.4,,,1,16,1,1,경기,,1,,1,,2024-01-08 18:00,1,0.021,주엽동,1,0.019
1,,66,0.002,0.4,,,1,32,2,16,경기,,2,,1,,2024-01-08 18:00,1,0.040,경안동,1,0.007
,통신장애,-,-,-,통신장애,통신장애,,-,,-,경기,통신장애,,통신장애,,통신장애,2024-01-08 18:00,,-,오포1동,,-
1,,64,0.002,0.6,,,1,37,2,18,경기,,2,,2,,2024-01-08 18:00,1,0.037,곤지암,2,0.006
1,,59,0.002,0.5,,,1,35,2,17,경기,,2,,2,,2024-01-08 18:00,1,0.036,김량장동,1,0.010
1,,66,0.002,0.4,,,1,31,2,16,경기,,2,,1,,2024-01-08 18:00,1,0.040,수지,1,0.006
1,,56,0.002,0.5,,,1,35,2,19,경기,,2,,2,,2024-01-08 18:00,1,0.034,기흥,2,0.007
1,,68,0.001,0.6,,,,37,2,22,경기,,2,통신장애,2,,2024-01-08 18:00,1,0.041,중부대로(구갈동),1,-
1,,54,0.002,0.2,,,1,26,2,17,경기,,1,,2,,2024-01-08 18:00,1,0.028,모현읍,1,0.015
1,,50,0.002,0.3,,,1,25,1,16,경기,,1,,1,,2024-01-08 18:00,1,0.025,이동읍,1,0.020
1,,57,0.002,0.3,,,1,29,2,10,경기,,1,,1,,2024-01-08 18:00,1,0.024,백암면,2,0.019
1,,61,0.002,0.3,,,1,42,2,20,경기,,1,,2,,2024-01-08 18:00,1,0.029,설성면,1,0.013
1,,48,0.003,0.4,,,1,23,1,8,경기,,1,,1,,2024-01-08 18:00,1,0.029,창전동,1,0.015
1,,48,0.003,0.3,,,1,31,1,13,경기,,1,,1,,2024-01-08 18:00,1,0.029,장호원읍,1,0.013
1,,54,0.003,0.4,,,1,30,2,12,경기,,2,,2,,2024-01-08 18:00,1,0.033,부발읍,2,0.013
1,,50,0.001,1.3,,,1,9,1,2,경기,,1,,1,,2024-01-08 18:00,1,0.010,관인면,1,0.030
1,,37,0.003,0.3,,,1,18,1,8,경기,,1,,1,,2024-01-08 18:00,1,0.022,선단동,1,0.018
1,,47,0.003,0.4,,,1,20,1,13,경기,,1,,1,,2024-01-08 18:00,1,0.025,일동면,1,0.018
1,,43,0.003,0.4,,,1,22,1,11,경기,,1,,1,,2024-01-08 18:00,1,0.026,사우동,1,0.016
1,,54,0.004,0.3,,,1,16,2,13,경기,,1,,2,,2024-01-08 18:00,1,0.015,고촌읍,1,0.018
1,,51,0.003,0.6,,,1,23,2,14,경기,,1,,2,,2024-01-08 18:00,1,0.019,월곶면,1,0.020
1,,51,0.005,0.4,,,1,19,2,14,경기,,1,,2,,2024-01-08 18:00,1,0.029,한강신도시,1,0.017
1,,47,0.003,0.3,,,1,22,1,14,경기,,1,,1,,2024-01-08 18:00,1,0.020,한강로,1,0.020
,통신장애,-,-,-,통신장애,통신장애,,-,,-,경기,통신장애,,통신장애,,통신장애,2024-01-08 18:00,,-,당동,,-
1,,53,0.004,0.4,,,1,26,2,10,경기,,2,,1,,2024-01-08 18:00,1,0.032,산본동,1,0.009
1,,47,0.002,0.3,,,1,21,1,11,경기,,1,,1,,2024-01-08 18:00,1,0.026,오산동,1,0.019
1,,-,0.002,0.4,,,1,41,,18,경기,,1,,,,2024-01-08 18:00,1,0.029,금암로(신장동),,0.013
1,,80,0.003,0.5,,,1,30,2,19,경기,,2,,1,,2024-01-08 18:00,1,0.048,신장동,1,0.004
1,,71,0.003,0.5,,,1,35,2,19,경기,,2,,1,,2024-01-08 18:00,1,0.043,미사,2,0.007
1,,40,0.004,0.3,,,1,15,1,10,경기,,1,,1,,2024-01-08 18:00,1,0.020,남양읍,1,0.023
1,,43,0.003,0.3,,,1,18,1,14,경기,,1,,1,,2024-01-08 18:00,1,0.017,향남읍,1,0.022
1,,43,0.004,0.4,,,1,23,1,12,경기,,1,,1,,2024-01-08 18:00,1,0.024,동탄,1,0.013
1,,47,0.006,0.4,,,1,16,1,14,경기,,1,,1,,2024-01-08 18:00,1,0.018,우정읍,1,0.027
1,,47,0.004,0.4,,,1,24,1,15,경기,,1,,1,,2024-01-08 18:00,1,0.028,청계동,1,0.013
1,,52,0.002,0.3,,,1,22,2,12,경기,,1,,1,,2024-01-08 18:00,1,0.018,새솔동,2,0.019
1,,51,0.004,0.3,,,1,22,2,12,경기,,1,,2,,2024-01-08 18:00,1,0.023,봉담읍,1,0.017
1,,50,0.004,0.3,,,1,23,1,12,경기,,1,,1,,2024-01-08 18:00,1,0.013,서신면,1,0.030
1,,40,0.003,0.3,,,1,23,1,12,경기,,1,,1,,2024-01-08 18:00,1,0.023,백석읍,1,0.016
1,,43,0.003,0.3,,,1,22,1,12,경기,,1,,1,,2024-01-08 18:00,1,0.025,고읍,1,0.016
1,,47,0.002,0.3,,,1,16,1,8,경기,,1,,1,,2024-01-08 18:00,1,0.014,보산동,1,0.028
1,,54,0.002,0.5,,,1,22,2,12,경기,,2,,1,,2024-01-08 18:00,1,0.033,봉산동,1,0.015
1,,56,0.002,0.3,,,1,21,2,17,경기,,1,,2,,2024-01-08 18:00,1,0.029,공도읍,2,0.014
1,,51,0.002,0.3,,,1,29,2,8,경기,,1,,2,,2024-01-08 18:00,1,0.030,죽산면,1,0.013
1,,54,0.005,0.5,,,1,30,2,20,경기,,2,,2,,2024-01-08 18:00,1,0.031,중앙동(경기),1,0.009
1,,-,0.003,0.5,,통신장애,1,-,,27,경기,,1,,2,,2024-01-08 18:00,1,0.027,대신면,,0.012
1,,56,0.003,0.3,,,1,36,2,16,경기,,2,,2,,2024-01-08 18:00,1,0.031,가남읍,2,0.012
1,,45,0.002,0.5,,,1,15,1,6,경기,,1,,1,,2024-01-08 18:00,1,0.009,연천,1,0.027
1,,48,0.002,0.3,,,1,26,1,9,경기,,1,,1,,2024-01-08 18:00,1,0.011,전곡,1,0.029
1,,38,0.002,0.5,,,1,21,1,10,경기,,1,,1,,2024-01-08 18:00,1,0.023,가평,1,0.010
1,,65,0.004,0.7,,,1,30,2,21,경기,,2,,1,,2024-01-08 18:00,1,0.039,설악면,1,0.005
1,,54,0.002,0.4,,,1,37,2,19,경기,,1,,2,,2024-01-08 18:00,1,0.016,용문면,1,0.012
1,,59,0.002,0.5,,,1,38,2,5,경기,,2,,2,,2024-01-08 18:00,1,0.036,양평읍,2,0.004
